Bukhansan NP (북한산국립공원), South Korea
Bukhansan NP (북한산국립공원), South Korea
Bukhansan NP (북한산국립공원), South Korea
Baegundae Peak (북한산 백운대), South Korea
Baegundae Peak (북한산 백운대), South Korea
Baegundae Peak (북한산 백운대), South Korea
Igidae Coastal Trail (이기대 해안산책로), South Korea
Igidae Coastal Trail (이기대 해안산책로), South Korea
Igidae Coastal Trail (이기대 해안산책로), South Korea
Igidae Coastal Trail (이기대 해안산책로), South Korea
New River Gorge, WV
New River Gorge, WV
Mount Tamalpais, CA
Mount Tamalpais, CA
Corolla, NC
Toyama (富山市), Japan
Takayama (高山市), Japan
Takayama (高山市), Japan
Hida no Sato (飛騨の里), Japan
Hida no Sato (飛騨の里), Japan
Kiyomizu-dera (清水寺), Japan
Kyoto (京都), Japan
Moraine State Park, PA
Moraine State Park, PA
Moraine State Park, PA
Moraine State Park, PA
Rodeo Beach, CA
Rodeo Beach, CA
Mount Rainier NP, WA
Mount Rainier NP, WA
Snow Lake, WA
North Cascades NP, WA
North Cascades NP, WA
North Cascades NP, WA
North Cascades NP, WA
North Cascades NP, WA
North Cascades NP, WA
Silver Peak, WA
Mailbox Trail, WA
Mailbox Trail, WA
Mailbox Trail, WA
Mailbox Trail, WA
Silver Falls State Park, OR
Silver Falls State Park, OR
Silver Falls State Park, OR
Snow Lake, WA
Snow Lake, WA
Snow Lake, WA
Snow Lake, WA
Snow Lake, WA
Wallace Falls State Park, WA
Wallace Falls State Park, WA
Lake 22, WA
Lake 22, WA
Lake 22, WA
Ira Spring Trail, WA
Ira Spring Trail, WA
Ira Spring Trail, WA
Badlands NP, SD
Badlands NP, SD
Badlands NP, SD
Tumalo Mountain, OR
Tumalo Mountain, OR
Tumalo Mountain, OR
Tumalo Falls, OR
Tumalo Falls, OR
Tumalo Falls, OR
Blue Ridge Parkway, NC
Blue Ridge Parkway, NC
Blue Ridge Parkway, NC
Pinnacle Mountain, TN
Pinnacle Mountain, TN
Wilder Ranch State Park, CA
Wilder Ranch State Park, CA
Wilder Ranch State Park, CA
Wilder Ranch State Park, CA
Wilder Ranch State Park, CA
Edgewood Park, CA
Edgewood Park, CA
Ohiopyle, PA
Harpers Ferry, WV
Roan Mountain, TN
Roan Mountain, TN
Roan Mountain, TN
Roan Mountain, TN
Roan Mountain, TN
Laurel Falls, TN
Schenley Park, PA
Schenley Park, PA
Schenley Park, PA
Schenley Park, PA
Frick Park, PA
Frick Park, PA
Schenley Park, PA
Great Falls, MD
Great Falls, MD
Great Falls, MD
Great Falls, MD
Great Falls, MD
Lake Serene, WA
Lake Serene, WA
Lake Serene, WA
Bridal Veil Falls, WA
Poo Poo Point, WA
Gothic Basin, WA
Gothic Basin, WA
Gothic Basin, WA
Gothic Basin, WA
Gothic Basin, WA
Gothic Basin, WA
Gothic Basin, WA
Gothic Basin, WA
Gothic Basin, WA
Gothic Basin, WA
Gothic Basin, WA
Gothic Basin, WA
Gothic Basin, WA
Gothic Basin, WA
Gothic Basin, WA
Gothic Basin, WA
Gothic Basin, WA
Twin Falls, WA
Snoqualmie Falls, WA
Snoqualmie Falls, WA
Mount Rainier NP, WA
Mount Rainier NP, WA
Mount Rainier NP, WA
Mount Rainier NP, WA
Mount Rainier NP, WA
Mount Rainier NP, WA
Mount Rainier NP, WA
Mount Rainier NP, WA
Mount Rainier NP, WA
Mount Rainier NP, WA
Mount Rainier NP, WA
Mount Rainier NP, WA
Mount Rainier NP, WA
Muir Woods, CA
Muir Woods, CA
Muir Woods, CA
Muir Woods, CA
Lands End Trail, CA
Snow Lake, WA
Snow Lake, WA
Snow Lake, WA
Snow Lake, WA
Snow Lake, WA
Snow Lake, WA
Snow Lake, WA
Snow Lake, WA
Mount Dickerman, WA
Mount Dickerman, WA
Mount Dickerman, WA
Mount Dickerman, WA
Mount Dickerman, WA
Mount Dickerman, WA
Mount Dickerman, WA
Mount Dickerman, WA
Mount Dickerman, WA
Mount Dickerman, WA
Mount Dickerman, WA
Mount Dickerman, WA
Mount Dickerman, WA
Mount Dickerman, WA
Mount Dickerman, WA
Puget Sound, WA
Bloedel Reserve, WA
Bloedel Reserve, WA
Seattle, WA
Twin Falls, WA
Twin Falls, WA
Twin Falls, WA
Ira Spring Trail, WA
Ira Spring Trail, WA
Ira Spring Trail, WA
Ira Spring Trail, WA
Mason Lake, WA
Ira Spring Trail, WA
Ira Spring Trail, WA
Ira Spring Trail, WA
Poo Poo Point, WA
Poo Poo Point, WA
Poo Poo Point, WA
Skyline Divide, WA
Skyline Divide, WA
Skyline Divide, WA
Skyline Divide, WA
Skyline Divide, WA
Skyline Divide, WA
Skyline Divide, WA
Skyline Divide, WA
Skyline Divide, WA
Skyline Divide, WA
Skyline Divide, WA
Skyline Divide, WA
Skyline Divide, WA
Skyline Divide, WA
Mount Si, WA
Mount Si, WA
Mount Si, WA
Mount Si, WA
Mount Si, WA
Mount Si, WA
Mount Si, WA
Mount Si, WA
Mount Rainier NP, WA
Mount Rainier NP, WA
Mount Rainier NP, WA
Mount Rainier NP, WA
Mount Rainier NP, WA
Mount Rainier NP, WA
Mount Rainier NP, WA
Poo Poo Point, WA
Poo Poo Point, WA
Granite Mountain, WA
Granite Mountain, WA
Granite Mountain, WA
Granite Mountain, WA
Granite Mountain, WA
Granite Mountain, WA
Granite Mountain, WA
Granite Mountain, WA
Granite Mountain, WA
Granite Mountain, WA
Granite Mountain, WA
Granite Mountain, WA
Ira Spring Trail, WA
Ira Spring Trail, WA
Ira Spring Trail, WA
Ira Spring Trail, WA
Ira Spring Trail, WA
Ira Spring Trail, WA
Ira Spring Trail, WA
Ira Spring Trail, WA
Ira Spring Trail, WA
Rattlesnake Ledge, WA
Rattlesnake Ledge, WA